segmentation	accuracy	minVal	maxVal	threshold	tradeOffValue
baseline	0.5610666666666667	0.5569999295056897	0.5651252553195437	0.5372072072072073	0.5853830909618754
