segmentation	accuracy	minVal	maxVal	threshold	tradeOffValue
baseline	0.5868666666666666	0.5828295513921331	0.5908921900338411	0.5510810810810811	0.6255089624207272
