segmentation	accuracy	minVal	maxVal	threshold	tradeOffValue
100_100_100	0.6165333333333334	0.6125442999454779	0.6205068143245632	0.563963963963964	0.6603054042079624
