segmentation	accuracy	minVal	maxVal	threshold	tradeOffValue
baseline	0.5976	0.5935785253583316	0.601608449985295	0.5590090090090091	0.6342977560255777
